Level,Area,Sex,Total,Bosniak,Serb,Croat,Bosnian,Romani,Muslim,Bosnian and Herzegovinian,Albanian,Yugoslav,Ukrainian,Montenegrin,Turk,Slovenian,Orthodox,Macedonian,Others,Undeclared,Unknown
,,,,,,,,,,,,,,,,,,,,,
,,,,,,,,,,,,,,,,,,,,,
,,,,,,,,,,,,,,,,,,,,,
0,"BOSNA I HERCEGOVINA
BOSNIA AND HERZEGOVINA","Ukupno/
Total","3,531,159","1,769,592","1,086,733","544,780","37,110","12,583","12,121","11,406","2,659","2,570","2,331","1,883","1,108",937,826,738,"10,267","27,055","6,460"
0,"BOSNA I HERCEGOVINA
BOSNIA AND HERZEGOVINA","Muški/
Male","1,732,270","867,492","534,030","267,789","18,135","6,511","5,888","5,663","1,646","1,350","1,146",953,738,366,376,351,"5,171","11,503","3,162"
0,"BOSNA I HERCEGOVINA
BOSNIA AND HERZEGOVINA","Ženski/
Female","1,798,889","902,100","552,703","276,991","18,975","6,072","6,233","5,743","1,013","1,220","1,185",930,370,571,450,387,"5,096","15,552","3,298"
1,"FEDERACIJA BOSNE I HERCEGOVINE
FEDERATION OF BOSNIA AND HERZEGOVINA","Ukupno/
Total","2,219,220","1,562,372","56,550","497,883","35,687","10,036","10,222","11,160","2,404",881,78,696,"1,097",398,191,301,"6,687","18,344","4,233"
1,"FEDERACIJA BOSNE I HERCEGOVINE
FEDERATION OF BOSNIA AND HERZEGOVINA","Muški/
Male","1,087,993","765,523","25,999","246,360","17,390","5,210","5,103","5,529","1,470",507,17,289,733,147,69,126,"3,421","7,962","2,138"
1,"FEDERACIJA BOSNE I HERCEGOVINE
FEDERATION OF BOSNIA AND HERZEGOVINA","Ženski/
Female","1,131,227","796,849","30,551","251,523","18,297","4,826","5,119","5,631",934,374,61,407,364,251,122,175,"3,266","10,382","2,095"
2,"UNSKO-SANSKI KANTON
UNA-SANA CANTON","Ukupno/
Total","273,261","246,012","8,452","5,073","7,498",439,"2,371",516,129,55,2,18,7,52,37,11,404,"1,847",338
2,"UNSKO-SANSKI KANTON
UNA-SANA CANTON","Muški/
Male","135,304","121,706","4,272","2,509","3,770",239,"1,163",290,90,29,-,4,5,9,13,3,213,845,144
2,"UNSKO-SANSKI KANTON
UNA-SANA CANTON","Ženski/
Female","137,957","124,306","4,180","2,564","3,728",200,"1,208",226,39,26,2,14,2,43,24,8,191,"1,002",194
3,BIHA?,"Ukupno/
Total","56,261","49,550",910,"3,265",829,181,378,233,37,21,2,10,4,15,12,7,150,619,38
3,BIHA?,"Muški/
Male","27,041","23,789",417,"1,572",443,98,185,123,30,10,-,-,2,2,5,2,74,275,14
3,BIHA?,"Ženski/
Female","29,220","25,761",493,"1,693",386,83,193,110,7,11,2,10,2,13,7,5,76,344,24
3,BOSANSKA KRUPA,"Ukupno/
Total","25,545","23,578","1,260",66,136,118,142,30,23,5,-,-,1,3,5,1,30,106,41
3,BOSANSKA KRUPA,"Muški/
Male","12,548","11,496",673,28,70,66,80,17,16,1,-,-,1,2,2,-,21,54,21
3,BOSANSKA KRUPA,"Ženski/
Female","12,997","12,082",587,38,66,52,62,13,7,4,-,-,-,1,3,1,9,52,20
3,BOSANSKI PETROVAC,"Ukupno/
Total","7,328","3,179","3,996",26,15,3,39,3,1,2,-,1,1,1,7,1,11,30,12
3,BOSANSKI PETROVAC,"Muški/
Male","3,678","1,580","2,022",5,11,3,21,3,1,1,-,1,1,-,3,-,5,14,7
3,BOSANSKI PETROVAC,"Ženski/
Female","3,650","1,599","1,974",21,4,-,18,-,-,1,-,-,-,1,4,1,6,16,5
3,BUŽIM,"Ukupno/
Total","19,340","19,207",1,8,45,-,39,7,-,-,-,-,-,4,1,-,-,6,22
3,BUŽIM,"Muški/
Male","9,885","9,818",-,1,30,-,20,4,-,-,-,-,-,1,-,-,-,2,9
3,BUŽIM,"Ženski/
Female","9,455","9,389",1,7,15,-,19,3,-,-,-,-,-,3,1,-,-,4,13
3,CAZIN,"Ukupno/
Total","66,149","63,463",29,320,"1,441",4,310,92,11,7,-,3,-,15,1,-,61,331,61
3,CAZIN,"Muški/
Male","33,072","31,727",5,169,726,3,158,51,7,4,-,3,-,2,-,-,35,162,20
3,CAZIN,"Ženski/
Female","33,077","31,736",24,151,715,1,152,41,4,3,-,-,-,13,1,-,26,169,41
3,KLJU?,"Ukupno/
Total","16,744","16,130",273,30,49,114,54,15,13,3,-,-,-,5,-,-,5,30,23
3,KLJU?,"Muški/
Male","8,365","8,050",145,10,30,56,27,10,6,1,-,-,-,-,-,-,-,19,11
3,KLJU?,"Ženski/
Female","8,379","8,080",128,20,19,58,27,5,7,2,-,-,-,5,-,-,5,11,12
3,SANSKI MOST,"Ukupno/
Total","41,475","38,344","1,837",722,202,16,43,25,18,4,-,1,1,6,10,-,49,127,70
3,SANSKI MOST,"Muški/
Male","20,826","19,258",943,358,101,10,21,13,13,4,-,-,1,2,3,-,25,48,26
3,SANSKI MOST,"Ženski/
Female","20,649","19,086",894,364,101,6,22,12,5,-,-,1,-,4,7,-,24,79,44
3,VELIKA KLADUŠA,"Ukupno/
Total","40,419","32,561",146,636,"4,781",3,"1,366",111,26,13,-,3,-,3,1,2,98,598,71
3,VELIKA KLADUŠA,"Muški/
Male","19,889","15,988",67,366,"2,359",3,651,69,17,8,-,-,-,-,-,1,53,271,36
3,VELIKA KLADUŠA,"Ženski/
Female","20,530","16,573",79,270,"2,422",-,715,42,9,5,-,3,-,3,1,1,45,327,35
2,"POSAVSKI KANTON
POSAVINA CANTON","Ukupno/
Total","43,453","8,252",831,"33,600",154,15,65,28,76,7,7,3,1,1,2,3,97,214,97
2,"POSAVSKI KANTON
POSAVINA CANTON","Muški/
Male","21,805","4,007",345,"17,101",83,9,32,12,44,4,-,-,-,-,-,-,42,80,46
2,"POSAVSKI KANTON
POSAVINA CANTON","Ženski/
Female","21,648","4,245",486,"16,499",71,6,33,16,32,3,7,3,1,1,2,3,55,134,51
3,DOMALJEVAC-ŠAMAC,"Ukupno/
Total","4,771",17,92,"4,634",-,5,-,-,-,3,2,-,-,-,-,-,3,12,3
3,DOMALJEVAC-ŠAMAC,"Muški/
Male","2,373",8,35,"2,320",-,3,-,-,-,2,-,-,-,-,-,-,1,1,3
3,DOMALJEVAC-ŠAMAC,"Ženski/
Female","2,398",9,57,"2,314",-,2,-,-,-,1,2,-,-,-,-,-,2,11,-
3,ODŽAK,"Ukupno/
Total","18,821","6,220",582,"11,621",98,8,28,9,48,-,-,1,-,1,-,-,35,102,68
3,ODŽAK,"Muški/
Male","9,373","3,028",258,"5,895",55,4,16,6,28,-,-,-,-,-,-,-,15,35,33
3,ODŽAK,"Ženski/
Female","9,448","3,192",324,"5,726",43,4,12,3,20,-,-,1,-,1,-,-,20,67,35
3,ORAŠJE,"Ukupno/
Total","19,861","2,015",157,"17,345",56,2,37,19,28,4,5,2,1,-,2,3,59,100,26
3,ORAŠJE,"Muški/
Male","10,059",971,52,"8,886",28,2,16,6,16,2,-,-,-,-,-,-,26,44,10
3,ORAŠJE,"Ženski/
Female","9,802","1,044",105,"8,459",28,-,21,13,12,2,5,2,1,-,2,3,33,56,16
2,"TUZLANSKI KANTON
TUZLA CANTON","Ukupno/
Total","445,028","392,356","7,058","23,592","8,027","2,821","2,839","2,302",409,151,11,65,66,51,27,54,992,"3,444",763
2,"TUZLANSKI KANTON
TUZLA CANTON","Muški/
Male","217,388","191,825","3,152","11,354","3,992","1,493","1,433","1,207",253,89,3,23,44,20,10,17,553,"1,528",392
2,"TUZLANSKI KANTON
TUZLA CANTON","Ženski/
Female","227,640","200,531","3,906","12,238","4,035","1,328","1,406","1,095",156,62,8,42,22,31,17,37,439,"1,916",371
3,BANOVI?I,"Ukupno/
Total","22,773","21,374",237,284,333,190,148,51,14,6,1,2,-,6,-,1,26,97,3
3,BANOVI?I,"Muški/
Male","11,392","10,700",98,134,163,105,80,33,10,4,1,-,-,4,-,-,16,43,1
3,BANOVI?I,"Ženski/
Female","11,381","10,674",139,150,170,85,68,18,4,2,-,2,-,2,-,1,10,54,2
3,?ELI?,"Ukupno/
Total","10,502","9,341",192,843,35,15,18,1,6,2,-,-,-,-,1,-,2,36,10
3,?ELI?,"Muški/
Male","5,256","4,666",92,432,22,4,12,1,5,2,-,-,-,-,1,-,1,17,1
3,?ELI?,"Ženski/
Female","5,246","4,675",100,411,13,11,6,-,1,-,-,-,-,-,-,-,1,19,9
3,DOBOJ-ISTOK,"Ukupno/
Total","10,248","9,830",12,18,26,1,42,11,1,-,-,-,-,-,-,-,15,18,274
3,DOBOJ-ISTOK,"Muški/
Male","5,061","4,845",5,11,19,1,22,6,1,-,-,-,-,-,-,-,8,8,135
3,DOBOJ-ISTOK,"Ženski/
Female","5,187","4,985",7,7,7,-,20,5,-,-,-,-,-,-,-,-,7,10,139
3,GRA?ANICA,"Ukupno/
Total","45,220","43,857",157,72,377,257,127,79,24,5,-,1,1,5,3,4,41,137,73
3,GRA?ANICA,"Muški/
Male","21,641","20,960",59,29,198,137,70,45,14,4,-,1,1,3,2,2,23,60,33
3,GRA?ANICA,"Ženski/
Female","23,579","22,897",98,43,179,120,57,34,10,1,-,-,-,2,1,2,18,77,40
3,GRADA?AC,"Ukupno/
Total","39,340","37,130",345,918,317,127,172,45,23,4,-,-,-,1,-,3,35,167,53
3,GRADA?AC,"Muški/
Male","19,234","18,157",149,447,156,63,90,23,13,2,-,-,-,-,-,2,21,82,29
3,GRADA?AC,"Ženski/
Female","20,106","18,973",196,471,161,64,82,22,10,2,-,-,-,1,-,1,14,85,24
3,KALESIJA,"Ukupno/
Total","33,053","32,227",254,20,139,137,117,24,21,1,-,1,1,-,1,-,17,54,39
3,KALESIJA,"Muški/
Male","16,597","16,159",137,5,77,70,60,15,14,1,-,-,1,-,-,-,10,31,17
3,KALESIJA,"Ženski/
Female","16,456","16,068",117,15,62,67,57,9,7,-,-,1,-,-,1,-,7,23,22
3,KLADANJ,"Ukupno/
Total","12,348","11,997",107,33,60,33,35,12,7,1,-,1,-,-,-,-,13,40,9
3,KLADANJ,"Muški/
Male","6,108","5,951",47,8,29,16,18,6,6,-,-,1,-,-,-,-,6,15,5
3,KLADANJ,"Ženski/
Female","6,240","6,046",60,25,31,17,17,6,1,1,-,-,-,-,-,-,7,25,4
3,LUKAVAC,"Ukupno/
Total","44,520","38,561","1,499","1,524","1,187",427,395,296,32,12,2,11,1,10,-,3,102,378,80
3,LUKAVAC,"Muški/
Male","21,786","18,782",701,758,607,240,212,157,19,5,-,5,1,4,-,-,65,178,52
3,LUKAVAC,"Ženski/
Female","22,734","19,779",798,766,580,187,183,139,13,7,2,6,-,6,-,3,37,200,28
3,SAPNA,"Ukupno/
Total","11,178","10,827",234,3,12,39,32,-,1,-,-,-,-,-,-,-,9,10,11
3,SAPNA,"Muški/
Male","5,739","5,561",116,-,8,24,14,-,1,-,-,-,-,-,-,-,4,5,6
3,SAPNA,"Ženski/
Female","5,439","5,266",118,3,4,15,18,-,-,-,-,-,-,-,-,-,5,5,5
3,SREBRENIK,"Ukupno/
Total","39,678","35,951",394,"1,968",485,53,347,111,32,3,-,1,16,1,6,3,89,184,34
3,SREBRENIK,"Muški/
Male","19,348","17,479",182,970,261,26,176,54,21,3,-,-,12,-,1,1,46,97,19
3,SREBRENIK,"Ženski/
Female","20,330","18,472",212,998,224,27,171,57,11,-,-,1,4,1,5,2,43,87,15
3,TEO?AK,"Ukupno/
Total","7,424","7,398",7,5,5,-,-,-,1,6,-,-,-,-,-,-,-,-,2
3,TEO?AK,"Muški/
Male","3,767","3,754",3,-,4,-,-,-,1,3,-,-,-,-,-,-,-,-,2
3,TEO?AK,"Ženski/
Female","3,657","3,644",4,5,1,-,-,-,-,3,-,-,-,-,-,-,-,-,-
3,TUZLA,"Ukupno/
Total","110,979","80,774","3,378","15,396","4,505","1,007","1,050","1,542",214,97,8,45,35,24,16,40,560,"2,151",137
3,TUZLA,"Muški/
Male","52,745","38,425","1,461","7,347","2,152",521,504,793,127,55,2,15,21,7,6,12,309,915,73
3,TUZLA,"Ženski/
Female","58,234","42,349","1,917","8,049","2,353",486,546,749,87,42,6,30,14,17,10,28,251,"1,236",64
3,ŽIVINICE,"Ukupno/
Total","57,765","53,089",242,"2,508",546,535,356,130,33,14,-,3,12,4,-,-,83,172,38
3,ŽIVINICE,"Muški/
Male","28,714","26,386",102,"1,213",296,286,175,74,21,10,-,1,8,2,-,-,44,77,19
3,ŽIVINICE,"Ženski/
Female","29,051","26,703",140,"1,295",250,249,181,56,12,4,-,2,4,2,-,-,39,95,19
2,"ZENI?KO-DOBOJSKI KANTON
ZENICA-DOBOJ CANTON","Ukupno/
Total","364,433","299,452","5,543","43,819","5,303","3,158","1,519","1,384",241,121,13,97,34,61,18,37,822,"2,453",358
2,"ZENI?KO-DOBOJSKI KANTON
ZENICA-DOBOJ CANTON","Muški/
Male","180,780","148,839","2,491","21,552","2,652","1,595",826,699,173,72,4,40,22,34,7,15,456,"1,131",172
2,"ZENI?KO-DOBOJSKI KANTON
ZENICA-DOBOJ CANTON","Ženski/
Female","183,653","150,613","3,052","22,267","2,651","1,563",693,685,68,49,9,57,12,27,11,22,366,"1,322",186
3,BREZA,"Ukupno/
Total","14,168","13,154",121,314,207,53,70,56,11,4,-,3,-,1,1,2,39,118,14
3,BREZA,"Muški/
Male","6,952","6,465",46,143,104,32,37,33,8,3,-,1,-,1,-,-,23,48,8
3,BREZA,"Ženski/
Female","7,216","6,689",75,171,103,21,33,23,3,1,-,2,-,-,1,2,16,70,6
3,DOBOJ-JUG,"Ukupno/
Total","4,137","4,017",9,24,20,26,8,2,4,-,-,-,-,-,-,-,7,14,6
3,DOBOJ-JUG,"Muški/
Male","2,065","2,007",4,9,11,12,2,1,3,-,-,-,-,-,-,-,4,8,4
3,DOBOJ-JUG,"Ženski/
Female","2,072","2,010",5,15,9,14,6,1,1,-,-,-,-,-,-,-,3,6,2
3,KAKANJ,"Ukupno/
Total","37,441","32,341",281,"2,973",380,851,148,114,18,2,1,3,5,13,3,3,105,172,28
3,KAKANJ,"Muški/
Male","18,651","16,188",122,"1,434",196,413,81,57,17,2,-,2,4,9,2,1,47,63,13
3,KAKANJ,"Ženski/
Female","18,790","16,153",159,"1,539",184,438,67,57,1,-,1,1,1,4,1,2,58,109,15
3,MAGLAJ,"Ukupno/
Total","23,146","19,810",810,"2,041",198,-,67,44,10,3,2,1,8,3,1,1,40,96,11
3,MAGLAJ,"Muški/
Male","11,430","9,741",390,"1,047",98,-,40,23,8,1,2,1,4,-,1,1,19,50,4
3,MAGLAJ,"Ženski/
Female","11,716","10,069",420,994,100,-,27,21,2,2,-,-,4,3,-,-,21,46,7
3,OLOVO,"Ukupno/
Total","10,175","9,701",77,230,74,-,40,6,2,2,-,-,-,-,-,-,15,20,8
3,OLOVO,"Muški/
Male","5,084","4,842",39,110,40,-,25,2,2,1,-,-,-,-,-,-,10,10,3
3,OLOVO,"Ženski/
Female","5,091","4,859",38,120,34,-,15,4,-,1,-,-,-,-,-,-,5,10,5
3,TEŠANJ,"Ukupno/
Total","43,063","40,461",226,"1,462",426,3,171,90,28,1,-,7,-,-,-,-,24,128,36
3,TEŠANJ,"Muški/
Male","21,376","20,077",91,720,213,3,100,52,20,1,-,4,-,-,-,-,16,63,16
3,TEŠANJ,"Ženski/
Female","21,687","20,384",135,742,213,-,71,38,8,-,-,3,-,-,-,-,8,65,20
3,USORA,"Ukupno/
Total","6,603",374,61,"6,095",5,19,3,2,2,-,-,2,-,-,-,-,9,26,5
3,USORA,"Muški/
Male","3,266",178,6,"3,053",4,11,-,1,2,-,-,1,-,-,-,-,3,6,1
3,USORA,"Ženski/
Female","3,337",196,55,"3,042",1,8,3,1,-,-,-,1,-,-,-,-,6,20,4
3,VAREŠ,"Ukupno/
Total","8,892","5,447",189,"2,820",196,-,53,42,4,3,-,3,-,-,-,1,41,91,2
3,VAREŠ,"Muški/
Male","4,373","2,719",92,"1,359",92,-,26,15,3,2,-,2,-,-,-,1,23,37,2
3,VAREŠ,"Ženski/
Female","4,519","2,728",97,"1,461",104,-,27,27,1,1,-,1,-,-,-,-,18,54,-
3,VISOKO,"Ukupno/
Total","39,938","36,697",286,576,566,986,228,134,45,4,4,4,3,4,-,7,77,266,51
3,VISOKO,"Muški/
Male","19,705","18,120",119,282,283,477,122,62,27,2,-,1,2,2,-,4,49,125,28
3,VISOKO,"Ženski/
Female","20,233","18,577",167,294,283,509,106,72,18,2,4,3,1,2,-,3,28,141,23
3,ZAVIDOVI?I,"Ukupno/
Total","35,988","32,735",573,"1,204",507,411,180,74,29,9,-,6,-,1,-,2,59,162,36
3,ZAVIDOVI?I,"Muški/
Male","17,883","16,310",278,531,259,215,95,39,16,4,-,5,-,1,-,1,32,81,16
3,ZAVIDOVI?I,"Ženski/
Female","18,105","16,425",295,673,248,196,85,35,13,5,-,1,-,-,-,1,27,81,20
3,ZENICA,"Ukupno/
Total","110,663","92,988","2,409","8,279","2,679",809,531,816,81,91,6,62,18,39,11,21,381,"1,305",137
3,ZENICA,"Muški/
Male","54,660","46,165","1,067","3,885","1,327",432,289,411,61,55,2,21,12,21,4,7,213,618,70
3,ZENICA,"Ženski/
Female","56,003","46,823","1,342","4,394","1,352",377,242,405,20,36,4,41,6,18,7,14,168,687,67
3,ŽEP?E,"Ukupno/
Total","30,219","11,727",501,"17,801",45,-,20,4,7,2,-,6,-,-,2,-,25,55,24
3,ŽEP?E,"Muški/
Male","15,335","6,027",237,"8,979",25,-,9,3,6,1,-,2,-,-,-,-,17,22,7
3,ŽEP?E,"Ženski/
Female","14,884","5,700",264,"8,822",20,-,11,1,1,1,-,4,-,-,2,-,8,33,17
2,"BOSANSKO-PODRINJSKI KANTON
BOSNIAN-PODRINJE CANTON","Ukupno/
Total","23,734","22,313",885,24,180,30,100,40,15,8,-,6,-,3,-,2,42,77,9
2,"BOSANSKO-PODRINJSKI KANTON
BOSNIAN-PODRINJE CANTON","Muški/
Male","11,617","10,916",407,8,100,19,59,25,9,3,-,4,-,-,-,-,25,38,4
2,"BOSANSKO-PODRINJSKI KANTON
BOSNIAN-PODRINJE CANTON","Ženski/
Female","12,117","11,397",478,16,80,11,41,15,6,5,-,2,-,3,-,2,17,39,5
3,FO?A - FBiH,"Ukupno/
Total","1,933","1,762",145,-,6,1,10,1,-,-,-,1,-,1,-,-,3,3,-
3,FO?A - FBiH,"Muški/
Male",998,907,75,-,3,1,7,1,-,-,-,1,-,-,-,-,1,2,-
3,FO?A - FBiH,"Ženski/
Female",935,855,70,-,3,-,3,-,-,-,-,-,-,1,-,-,2,1,-
3,GORAŽDE,"Ukupno/
Total","20,897","19,692",707,23,166,29,89,39,15,7,-,5,-,2,-,2,39,73,9
3,GORAŽDE,"Muški/
Male","10,163","9,573",318,8,92,18,51,24,9,3,-,3,-,-,-,-,24,36,4
3,GORAŽDE,"Ženski/
Female","10,734","10,119",389,15,74,11,38,15,6,4,-,2,-,2,-,2,15,37,5
3,PALE - FBiH,"Ukupno/
Total",904,859,33,1,8,-,1,-,-,1,-,-,-,-,-,-,-,1,-
3,PALE - FBiH,"Muški/
Male",456,436,14,-,5,-,1,-,-,-,-,-,-,-,-,-,-,-,-
3,PALE - FBiH,"Ženski/
Female",448,423,19,1,3,-,-,-,-,1,-,-,-,-,-,-,-,1,-
2,"SREDNJOBOSANSKI KANTON
CENTRAL BOSNIA CANTON","Ukupno/
Total","254,686","146,652","3,043","97,629","1,441","1,347","1,216",378,154,55,2,60,94,25,28,17,423,"1,014","1,108"
2,"SREDNJOBOSANSKI KANTON
CENTRAL BOSNIA CANTON","Muški/
Male","127,266","73,271","1,306","48,897",765,699,608,191,87,29,-,31,90,7,11,6,211,471,586
2,"SREDNJOBOSANSKI KANTON
CENTRAL BOSNIA CANTON","Ženski/
Female","127,420","73,381","1,737","48,732",676,648,608,187,67,26,2,29,4,18,17,11,212,543,522
3,BUGOJNO,"Ukupno/
Total","31,470","24,650",376,"5,767",168,50,131,76,13,2,-,3,1,-,1,4,44,153,31
3,BUGOJNO,"Muški/
Male","15,635","12,317",171,"2,789",97,27,69,36,9,1,-,2,1,-,1,3,22,76,14
3,BUGOJNO,"Ženski/
Female","15,835","12,333",205,"2,978",71,23,62,40,4,1,-,1,-,-,-,1,22,77,17
3,BUSOVA?A,"Ukupno/
Total","17,910","8,681",205,"8,873",42,3,25,4,1,2,-,9,3,2,1,-,19,27,13
3,BUSOVA?A,"Muški/
Male","9,134","4,436",90,"4,531",26,1,11,3,1,2,-,3,3,1,1,-,12,11,2
3,BUSOVA?A,"Ženski/
Female","8,776","4,245",115,"4,342",16,2,14,1,-,-,-,6,-,1,-,-,7,16,11
3,DOBRETI?I,"Ukupno/
Total","1,629",-,1,"1,626",-,-,-,-,-,-,-,-,-,-,-,-,-,1,1
3,DOBRETI?I,"Muški/
Male",905,-,-,904,-,-,-,-,-,-,-,-,-,-,-,-,-,1,-
3,DOBRETI?I,"Ženski/
Female",724,-,1,722,-,-,-,-,-,-,-,-,-,-,-,-,-,-,1
3,DONJI VAKUF,"Ukupno/
Total","13,985","13,376",107,58,75,152,112,11,14,-,-,-,-,1,-,-,21,46,12
3,DONJI VAKUF,"Muški/
Male","6,922","6,617",52,25,40,81,55,5,6,-,-,-,-,-,-,-,11,27,3
3,DONJI VAKUF,"Ženski/
Female","7,063","6,759",55,33,35,71,57,6,8,-,-,-,-,1,-,-,10,19,9
3,FOJNICA,"Ukupno/
Total","12,356","7,592",48,"3,664",91,35,45,10,23,1,-,3,-,-,2,-,26,46,770
3,FOJNICA,"Muški/
Male","6,197","3,796",19,"1,799",54,16,22,6,15,-,-,1,-,-,1,-,13,20,435
3,FOJNICA,"Ženski/
Female","6,159","3,796",29,"1,865",37,19,23,4,8,1,-,2,-,-,1,-,13,26,335
3,GORNJI VAKUF-USKOPLJE,"Ukupno/
Total","20,933","12,004",30,"8,660",66,36,27,12,12,1,-,-,3,1,-,1,11,28,41
3,GORNJI VAKUF-USKOPLJE,"Muški/
Male","10,532","6,052",2,"4,355",39,14,18,7,8,-,-,-,3,-,-,-,5,13,16
3,GORNJI VAKUF-USKOPLJE,"Ženski/
Female","10,401","5,952",28,"4,305",27,22,9,5,4,1,-,-,-,1,-,1,6,15,25
3,JAJCE,"Ukupno/
Total","27,258","13,269",501,"12,555",246,247,136,78,9,14,1,5,-,6,5,-,53,95,38
3,JAJCE,"Muški/
Male","13,856","6,679",210,"6,491",129,128,73,40,7,6,-,2,-,1,1,-,27,45,17
3,JAJCE,"Ženski/
Female","13,402","6,590",291,"6,064",117,119,63,38,2,8,1,3,-,5,4,-,26,50,21
3,KISELJAK,"Ukupno/
Total","20,722","7,838",409,"11,823",69,220,93,15,11,5,-,11,71,4,4,-,45,85,19
3,KISELJAK,"Muški/
Male","10,285","3,882",172,"5,874",39,113,42,7,6,2,-,5,70,1,2,-,19,40,11
3,KISELJAK,"Ženski/
Female","10,437","3,956",237,"5,949",30,107,51,8,5,3,-,6,1,3,2,-,26,45,8
3,KREŠEVO,"Ukupno/
Total","5,273","1,014",26,"4,149",12,-,18,9,1,2,1,-,-,3,-,2,5,28,3
3,KREŠEVO,"Muški/
Male","2,597",510,7,"2,038",7,-,9,3,-,2,-,-,-,1,-,1,4,13,2
3,KREŠEVO,"Ženski/
Female","2,676",504,19,"2,111",5,-,9,6,1,-,1,-,-,2,-,1,1,15,1
3,NOVI TRAVNIK,"Ukupno/
Total","23,832","12,067",367,"11,002",94,43,53,14,7,6,-,9,3,5,2,3,31,104,22
3,NOVI TRAVNIK,"Muški/
Male","11,862","6,114",153,"5,418",42,18,26,9,4,4,-,5,2,2,1,1,14,37,12
3,NOVI TRAVNIK,"Ženski/
Female","11,970","5,953",214,"5,584",52,25,27,5,3,2,-,4,1,3,1,2,17,67,10
3,TRAVNIK,"Ukupno/
Total","53,482","35,648",640,"15,102",524,210,535,129,55,15,-,10,13,3,13,6,115,327,137
3,TRAVNIK,"Muški/
Male","26,574","17,653",276,"7,603",263,114,259,64,28,8,-,6,11,1,4,1,64,155,64
3,TRAVNIK,"Ženski/
Female","26,908","17,995",364,"7,499",261,96,276,65,27,7,-,4,2,2,9,5,51,172,73
3,VITEZ,"Ukupno/
Total","25,836","10,513",333,"14,350",54,351,41,20,8,7,-,10,-,-,-,1,53,74,21
3,VITEZ,"Muški/
Male","12,767","5,215",154,"7,070",29,187,24,11,3,4,-,7,-,-,-,-,20,33,10
3,VITEZ,"Ženski/
Female","13,069","5,298",179,"7,280",25,164,17,9,5,3,-,3,-,-,-,1,33,41,11
2,"HERCEGOVA?KO-NERETVANSKI KANTON
HERZEGOVINA-NERETVA CANTON","Ukupno/
Total","222,007","92,005","6,432","118,297",201,442,357,494,377,107,8,48,8,46,17,34,915,"1,764",455
2,"HERCEGOVA?KO-NERETVANSKI KANTON
HERZEGOVINA-NERETVA CANTON","Muški/
Male","109,018","45,440","3,070","58,030",99,243,153,266,218,61,2,15,6,18,6,18,448,696,229
2,"HERCEGOVA?KO-NERETVANSKI KANTON
HERZEGOVINA-NERETVA CANTON","Ženski/
Female","112,989","46,565","3,362","60,267",102,199,204,228,159,46,6,33,2,28,11,16,467,"1,068",226
3,?APLJINA,"Ukupno/
Total","26,157","4,541",714,"20,538",5,20,65,6,25,5,-,5,-,7,2,8,74,124,18
3,?APLJINA,"Muški/
Male","12,947","2,238",351,"10,190",1,11,33,2,15,2,-,2,-,4,1,4,35,51,7
3,?APLJINA,"Ženski/
Female","13,210","2,303",363,"10,348",4,9,32,4,10,3,-,3,-,3,1,4,39,73,11
3,?ITLUK,"Ukupno/
Total","18,140",29,18,"17,900",-,-,-,-,30,-,1,1,-,1,-,2,51,21,86
3,?ITLUK,"Muški/
Male","8,937",16,8,"8,826",-,-,-,-,15,-,-,1,-,-,-,2,26,5,38
3,?ITLUK,"Ženski/
Female","9,203",13,10,"9,074",-,-,-,-,15,-,1,-,-,1,-,-,25,16,48
3,GRAD MOSTAR,"Ukupno/
Total","105,797","46,752","4,421","51,216",75,257,159,271,294,83,7,33,6,35,13,21,656,"1,312",186
3,GRAD MOSTAR,"Muški/
Male","51,210","22,895","2,079","24,677",34,147,54,138,169,45,2,11,5,13,5,11,317,512,96
3,GRAD MOSTAR,"Ženski/
Female","54,587","23,857","2,342","26,539",41,110,105,133,125,38,5,22,1,22,8,10,339,800,90
3,JABLANICA,"Ukupno/
Total","10,111","9,045",63,726,26,27,28,56,1,3,-,2,1,1,-,-,25,104,3
3,JABLANICA,"Muški/
Male","5,027","4,513",26,350,15,10,15,33,-,3,-,-,1,-,-,-,13,47,1
3,JABLANICA,"Ženski/
Female","5,084","4,532",37,376,11,17,13,23,1,-,-,2,-,1,-,-,12,57,2
3,KONJIC,"Ukupno/
Total","25,148","22,486",355,"1,553",86,114,89,152,18,10,-,4,-,1,2,3,83,168,24
3,KONJIC,"Muški/
Male","12,360","11,108",165,694,46,61,48,89,14,8,-,1,-,1,-,1,43,71,10
3,KONJIC,"Ženski/
Female","12,788","11,378",190,859,40,53,41,63,4,2,-,3,-,-,2,2,40,97,14
3,NEUM,"Ukupno/
Total","4,653",63,21,"4,543",1,-,-,1,3,2,-,2,-,-,-,-,3,7,7
3,NEUM,"Muški/
Male","2,344",28,10,"2,296",-,-,-,-,1,1,-,-,-,-,-,-,2,3,3
3,NEUM,"Ženski/
Female","2,309",35,11,"2,247",1,-,-,1,2,1,-,2,-,-,-,-,1,4,4
3,PROZOR,"Ukupno/
Total","14,280","3,525",3,"10,702",2,-,11,1,-,2,-,-,-,-,-,-,4,7,23
3,PROZOR,"Muški/
Male","7,210","1,827",1,"5,359",1,-,2,-,-,2,-,-,-,-,-,-,4,2,12
3,PROZOR,"Ženski/
Female","7,070","1,698",2,"5,343",1,-,9,1,-,-,-,-,-,-,-,-,-,5,11
3,RAVNO,"Ukupno/
Total","3,219",20,558,"2,633",-,-,-,-,-,-,-,-,-,-,-,-,-,3,5
3,RAVNO,"Muški/
Male","1,657",13,313,"1,328",-,-,-,-,-,-,-,-,-,-,-,-,-,2,1
3,RAVNO,"Ženski/
Female","1,562",7,245,"1,305",-,-,-,-,-,-,-,-,-,-,-,-,-,1,4
3,STOLAC,"Ukupno/
Total","14,502","5,544",279,"8,486",6,24,5,7,6,2,-,1,1,1,-,-,19,18,103
3,STOLAC,"Muški/
Male","7,326","2,802",117,"4,310",2,14,1,4,4,-,-,-,-,-,-,-,8,3,61
3,STOLAC,"Ženski/
Female","7,176","2,742",162,"4,176",4,10,4,3,2,2,-,1,1,1,-,-,11,15,42
2,"ZAPADNOHERCEGOVA?KI KANTON
WEST HERZEGOVINA CANTON","Ukupno/
Total","94,898",718,101,"93,725",1,-,7,5,53,1,1,3,-,1,-,-,52,66,164
2,"ZAPADNOHERCEGOVA?KI KANTON
WEST HERZEGOVINA CANTON","Muški/
Male","47,311",351,33,"46,745",-,-,4,4,35,1,-,-,-,-,-,-,33,31,74
2,"ZAPADNOHERCEGOVA?KI KANTON
WEST HERZEGOVINA CANTON","Ženski/
Female","47,587",367,68,"46,980",1,-,3,1,18,-,1,3,-,1,-,-,19,35,90
3,GRUDE,"Ukupno/
Total","17,308",3,10,"17,216",1,-,-,-,3,1,-,1,-,-,-,-,5,3,65
3,GRUDE,"Muški/
Male","8,621",-,1,"8,579",-,-,-,-,3,1,-,-,-,-,-,-,4,1,32
3,GRUDE,"Ženski/
Female","8,687",3,9,"8,637",1,-,-,-,-,-,-,1,-,-,-,-,1,2,33
3,LjUBUŠKI,"Ukupno/
Total","28,184",707,41,"27,271",-,-,5,5,30,-,-,2,-,1,-,-,35,51,36
3,LjUBUŠKI,"Muški/
Male","14,022",347,12,"13,574",-,-,2,4,22,-,-,-,-,-,-,-,23,23,15
3,LjUBUŠKI,"Ženski/
Female","14,162",360,29,"13,697",-,-,3,1,8,-,-,2,-,1,-,-,12,28,21
3,POSUŠJE,"Ukupno/
Total","20,477",2,5,"20,424",-,-,2,-,8,-,-,-,-,-,-,-,2,4,30
3,POSUŠJE,"Muški/
Male","10,287",-,2,"10,265",-,-,2,-,4,-,-,-,-,-,-,-,2,1,11
3,POSUŠJE,"Ženski/
Female","10,190",2,3,"10,159",-,-,-,-,4,-,-,-,-,-,-,-,-,3,19
3,ŠIROKI BRIJEG,"Ukupno/
Total","28,929",6,45,"28,814",-,-,-,-,12,-,1,-,-,-,-,-,10,8,33
3,ŠIROKI BRIJEG,"Muški/
Male","14,381",4,18,"14,327",-,-,-,-,6,-,-,-,-,-,-,-,4,6,16
3,ŠIROKI BRIJEG,"Ženski/
Female","14,548",2,27,"14,487",-,-,-,-,6,-,1,-,-,-,-,-,6,2,17
2,"KANTON SARAJEVO
SARAJEVO CANTON","Ukupno/
Total","413,593","346,575","13,300","17,520","12,835","1,775","1,709","5,989",898,370,30,382,887,149,54,137,"2,860","7,250",873
2,"KANTON SARAJEVO
SARAJEVO CANTON","Muški/
Male","195,161","165,093","5,511","7,576","5,906",907,806,"2,821",530,214,7,168,566,57,19,65,"1,406","3,054",455
2,"KANTON SARAJEVO
SARAJEVO CANTON","Ženski/
Female","218,432","181,482","7,789","9,944","6,929",868,903,"3,168",368,156,23,214,321,92,35,72,"1,454","4,196",418
3,CENTAR SARAJEVO,"Ukupno/
Total","55,181","41,702","2,186","3,333","3,072",273,156,"1,577",148,89,7,110,25,43,4,34,665,"1,617",140
3,CENTAR SARAJEVO,"Muški/
Male","25,369","19,461",918,"1,334","1,415",139,68,730,83,48,2,55,17,16,2,17,306,691,67
3,CENTAR SARAJEVO,"Ženski/
Female","29,812","22,241","1,268","1,999","1,657",134,88,847,65,41,5,55,8,27,2,17,359,926,73
3,HADŽI?I,"Ukupno/
Total","23,891","22,120",218,179,311,62,194,91,33,5,-,1,111,2,4,2,84,117,357
3,HADŽI?I,"Muški/
Male","11,914","10,946",91,81,165,41,103,46,11,4,-,1,111,2,-,1,48,61,202
3,HADŽI?I,"Ženski/
Female","11,977","11,174",127,98,146,21,91,45,22,1,-,-,-,-,4,1,36,56,155
3,ILIDŽA,"Ukupno/
Total","66,730","58,120","1,600","3,030","1,036",376,269,462,148,31,3,22,565,12,12,8,315,657,64
3,ILIDŽA,"Muški/
Male","32,359","28,327",647,"1,410",481,187,132,220,94,19,-,10,323,5,4,3,175,288,34
3,ILIDŽA,"Ženski/
Female","34,371","29,793",953,"1,620",555,189,137,242,54,12,3,12,242,7,8,5,140,369,30
3,ILIJAŠ,"Ukupno/
Total","19,603","18,151",421,382,169,123,127,35,24,2,1,4,-,1,-,-,42,101,20
3,ILIJAŠ,"Muški/
Male","9,381","8,686",200,178,88,61,59,20,16,1,-,2,-,1,-,-,20,41,8
3,ILIJAŠ,"Ženski/
Female","10,222","9,465",221,204,81,62,68,15,8,1,1,2,-,-,-,-,22,60,12
3,NOVI GRAD SARAJEVO,"Ukupno/
Total","118,553","99,773","4,367","4,947","3,553",481,337,"1,490",171,103,12,95,91,32,16,43,750,"2,103",189
3,NOVI GRAD SARAJEVO,"Muški/
Male","55,735","47,427","1,822","2,164","1,582",246,157,724,107,54,4,32,57,8,7,21,369,862,92
3,NOVI GRAD SARAJEVO,"Ženski/
Female","62,818","52,346","2,545","2,783","1,971",235,180,766,64,49,8,63,34,24,9,22,381,"1,241",97
3,NOVO SARAJEVO,"Ukupno/
Total","64,814","48,188","3,402","4,639","3,164",275,265,"1,699",151,105,7,120,68,47,10,39,705,"1,893",37
3,NOVO SARAJEVO,"Muški/
Male","29,580","22,351","1,385","1,972","1,400",137,109,790,94,63,1,53,39,18,2,19,345,783,19
3,NOVO SARAJEVO,"Ženski/
Female","35,234","25,837","2,017","2,667","1,764",138,156,909,57,42,6,67,29,29,8,20,360,"1,110",18
3,STARI GRAD SARAJEVO,"Ukupno/
Total","36,976","32,794",467,685,"1,192",52,221,465,209,21,-,21,18,7,4,7,217,547,49
3,STARI GRAD SARAJEVO,"Muški/
Male","17,482","15,531",180,303,597,25,107,207,116,14,-,10,13,4,1,3,108,235,28
3,STARI GRAD SARAJEVO,"Ženski/
Female","19,494","17,263",287,382,595,27,114,258,93,7,-,11,5,3,3,4,109,312,21
3,TRNOVO - FBiH,"Ukupno/
Total","1,502","1,376",97,4,7,-,4,5,-,4,-,1,-,-,-,-,-,3,1
3,TRNOVO - FBiH,"Muški/
Male",735,671,48,1,5,-,3,3,-,3,-,-,-,-,-,-,-,1,-
3,TRNOVO - FBiH,"Ženski/
Female",767,705,49,3,2,-,1,2,-,1,-,1,-,-,-,-,-,2,1
3,VOGOŠ?A,"Ukupno/
Total","26,343","24,351",542,321,331,133,136,165,14,10,-,8,9,5,4,4,82,212,16
3,VOGOŠ?A,"Muški/
Male","12,606","11,693",220,133,173,71,68,81,9,8,-,5,6,3,3,1,35,92,5
3,VOGOŠ?A,"Ženski/
Female","13,737","12,658",322,188,158,62,68,84,5,2,-,3,3,2,1,3,47,120,11
2,"KANTON 10
CANTON 10","Ukupno/
Total","84,127","8,037","10,905","64,604",47,9,39,24,52,6,4,14,-,9,8,6,80,215,68
2,"KANTON 10
CANTON 10","Muški/
Male","42,343","4,075","5,412","32,588",23,6,19,14,31,5,1,4,-,2,3,2,34,88,36
2,"KANTON 10
CANTON 10","Ženski/
Female","41,784","3,962","5,493","32,016",24,3,20,10,21,1,3,10,-,7,5,4,46,127,32
3,BOSANSKO GRAHOVO,"Ukupno/
Total","2,449",6,"2,028",393,1,-,1,-,-,1,1,2,-,-,-,-,4,10,2
3,BOSANSKO GRAHOVO,"Muški/
Male","1,287",2,"1,051",224,1,-,-,-,-,1,-,1,-,-,-,-,2,4,1
3,BOSANSKO GRAHOVO,"Ženski/
Female","1,162",4,977,169,-,-,1,-,-,-,1,1,-,-,-,-,2,6,1
3,DRVAR,"Ukupno/
Total","7,036",11,"6,420",552,3,-,3,-,-,5,-,1,-,2,-,1,9,26,3
3,DRVAR,"Muški/
Male","3,473",3,"3,145",299,2,-,2,-,-,4,-,1,-,1,-,1,5,10,-
3,DRVAR,"Ženski/
Female","3,563",8,"3,275",253,1,-,1,-,-,1,-,-,-,1,-,-,4,16,3
3,GLAMO?,"Ukupno/
Total","3,860","1,251","1,679",906,4,1,1,1,1,-,-,2,-,-,-,-,3,11,-
3,GLAMO?,"Muški/
Male","1,963",635,862,456,3,1,1,-,-,-,-,-,-,-,-,-,1,4,-
3,GLAMO?,"Ženski/
Female","1,897",616,817,450,1,-,-,1,1,-,-,2,-,-,-,-,2,7,-
3,KUPRES - FBiH,"Ukupno/
Total","5,057",255,318,"4,474",-,-,-,-,-,-,-,1,-,-,-,-,4,4,1
3,KUPRES - FBiH,"Muški/
Male","2,541",132,166,"2,237",-,-,-,-,-,-,-,-,-,-,-,-,2,3,1
3,KUPRES - FBiH,"Ženski/
Female","2,516",123,152,"2,237",-,-,-,-,-,-,-,1,-,-,-,-,2,1,-
3,LIVNO,"Ukupno/
Total","34,133","4,047",438,"29,273",37,8,31,23,40,-,3,6,-,6,8,5,49,137,22
3,LIVNO,"Muški/
Male","17,024","2,042",177,"14,637",17,5,15,14,22,-,1,2,-,1,3,1,20,56,11
3,LIVNO,"Ženski/
Female","17,109","2,005",261,"14,636",20,3,16,9,18,-,2,4,-,5,5,4,29,81,11
3,TOMISLAVGRAD,"Ukupno/
Total","31,592","2,467",22,"29,006",2,-,3,-,11,-,-,2,-,1,-,-,11,27,40
3,TOMISLAVGRAD,"Muški/
Male","16,055","1,261",11,"14,735",-,-,1,-,9,-,-,-,-,-,-,-,4,11,23
3,TOMISLAVGRAD,"Ženski/
Female","15,537","1,206",11,"14,271",2,-,2,-,2,-,-,2,-,1,-,-,7,16,17
1,"REPUBLIKA SRPSKA
REPUBLIKA SRPSKA","Ukupno/
Total","1,228,423","171,839","1,001,299","29,645","1,249","2,057","1,730",196,150,"1,622","2,252","1,156",8,530,583,412,"3,379","8,189","2,127"
1,"REPUBLIKA SRPSKA
REPUBLIKA SRPSKA","Muški/
Male","603,027","84,558","494,008","12,570",654,"1,059",710,105,104,809,"1,128",645,4,216,286,211,"1,657","3,328",975
1,"REPUBLIKA SRPSKA
REPUBLIKA SRPSKA","Ženski/
Female","625,396","87,281","507,291","17,075",595,998,"1,020",91,46,813,"1,124",511,4,314,297,201,"1,722","4,861","1,152"
3,BANJA LUKA,"Ukupno/
Total","185,042","7,681","165,750","5,104",323,132,291,60,28,648,413,335,-,230,45,130,802,"2,733",337
3,BANJA LUKA,"Muški/
Male","89,148","3,548","80,818","1,860",161,71,128,29,17,320,185,195,-,99,24,52,395,"1,087",159
3,BANJA LUKA,"Ženski/
Female","95,894","4,133","84,932","3,244",162,61,163,31,11,328,228,140,-,131,21,78,407,"1,646",178
3,BERKOVI?I,"Ukupno/
Total","2,114",159,"1,942",11,-,-,-,-,-,1,-,-,-,-,-,-,-,-,1
3,BERKOVI?I,"Muški/
Male","1,059",88,969,1,-,-,-,-,-,1,-,-,-,-,-,-,-,-,-
3,BERKOVI?I,"Ženski/
Female","1,055",71,973,10,-,-,-,-,-,-,-,-,-,-,-,-,-,-,1
3,BIJELJINA,"Ukupno/
Total","107,715","13,090","91,784",515,122,496,284,12,17,151,1,36,1,22,77,33,298,674,102
3,BIJELJINA,"Muški/
Male","52,827","6,494","45,113",143,63,255,116,8,15,79,-,15,-,5,30,19,150,281,41
3,BIJELJINA,"Ženski/
Female","54,888","6,596","46,671",372,59,241,168,4,2,72,1,21,1,17,47,14,148,393,61
3,BILE?A,"Ukupno/
Total","10,807",26,"10,646",21,-,-,5,-,-,3,-,54,-,-,-,-,11,30,11
3,BILE?A,"Muški/
Male","5,454",16,"5,384",2,-,-,1,-,-,3,-,28,-,-,-,-,6,10,4
3,BILE?A,"Ženski/
Female","5,353",10,"5,262",19,-,-,4,-,-,-,-,26,-,-,-,-,5,20,7
3,BRATUNAC,"Ukupno/
Total","20,340","7,803","12,350",33,2,8,2,-,-,6,-,12,-,-,38,1,17,26,42
3,BRATUNAC,"Muški/
Male","10,091","3,829","6,176",6,1,3,1,-,-,6,-,7,-,-,21,-,10,12,19
3,BRATUNAC,"Ženski/
Female","10,249","3,974","6,174",27,1,5,1,-,-,-,-,5,-,-,17,1,7,14,23
3,BROD,"Ukupno/
Total","16,619","1,509","11,477","3,287",21,-,15,5,16,26,1,2,-,1,7,9,58,148,37
3,BROD,"Muški/
Male","8,143",737,"5,718","1,549",12,-,6,3,10,11,1,-,-,-,1,3,27,50,15
3,BROD,"Ženski/
Female","8,476",772,"5,759","1,738",9,-,9,2,6,15,-,2,-,1,6,6,31,98,22
3,?AJNI?E,"Ukupno/
Total","4,895",884,"3,972",6,2,-,-,3,-,1,-,9,-,-,7,-,3,3,5
3,?AJNI?E,"Muški/
Male","2,474",468,"1,988",1,1,-,-,2,-,1,-,5,-,-,5,-,-,1,2
3,?AJNI?E,"Ženski/
Female","2,421",416,"1,984",5,1,-,-,1,-,-,-,4,-,-,2,-,3,2,3
3,?ELINAC,"Ukupno/
Total","15,548",453,"14,874",49,8,-,13,-,-,12,58,5,-,4,-,5,19,39,9
3,?ELINAC,"Muški/
Male","7,728",228,"7,411",11,3,-,7,-,-,4,27,4,-,2,-,1,8,18,4
3,?ELINAC,"Ženski/
Female","7,820",225,"7,463",38,5,-,6,-,-,8,31,1,-,2,-,4,11,21,5
3,DERVENTA,"Ukupno/
Total","27,404","1,895","22,349","2,573",33,10,69,5,1,53,31,3,4,1,2,-,65,252,58
3,DERVENTA,"Muški/
Male","13,397",916,"11,011","1,201",16,5,30,2,1,25,15,-,1,-,1,-,29,116,28
3,DERVENTA,"Ženski/
Female","14,007",979,"11,338","1,372",17,5,39,3,-,28,16,3,3,1,1,-,36,136,30
3,DOBOJ,"Ukupno/
Total","71,441","15,322","52,628","1,845",160,156,151,43,9,77,12,50,-,6,50,14,264,490,164
3,DOBOJ,"Muški/
Male","34,916","7,437","25,923",778,79,89,62,22,7,33,7,27,-,1,23,6,156,205,61
3,DOBOJ,"Ženski/
Female","36,525","7,885","26,705","1,067",81,67,89,21,2,44,5,23,-,5,27,8,108,285,103
3,DONJI ŽABAR,"Ukupno/
Total","3,809",5,"2,759","1,029",-,-,2,-,2,2,-,-,-,-,-,-,3,5,2
3,DONJI ŽABAR,"Muški/
Male","1,920",1,"1,395",520,-,-,-,-,-,1,-,-,-,-,-,-,-,2,1
3,DONJI ŽABAR,"Ženski/
Female","1,889",4,"1,364",509,-,-,2,-,2,1,-,-,-,-,-,-,3,3,1
3,FO?A - RS,"Ukupno/
Total","18,288","1,270","16,739",55,6,3,14,-,-,10,-,85,-,13,7,7,31,32,16
3,FO?A - RS,"Muški/
Male","9,236",676,"8,428",16,4,3,9,-,-,6,-,38,-,10,6,4,16,11,9
3,FO?A - RS,"Ženski/
Female","9,052",594,"8,311",39,2,-,5,-,-,4,-,47,-,3,1,3,15,21,7
3,GACKO,"Ukupno/
Total","8,990",369,"8,556",15,-,-,1,-,-,3,-,26,-,1,-,2,8,3,6
3,GACKO,"Muški/
Male","4,556",200,"4,322",5,-,-,1,-,-,3,-,15,-,1,-,2,6,-,1
3,GACKO,"Ženski/
Female","4,434",169,"4,234",10,-,-,-,-,-,-,-,11,-,-,-,-,2,3,5
3,GRADIŠKA,"Ukupno/
Total","51,727","7,580","41,863",826,26,395,119,14,30,76,111,29,-,14,6,4,175,416,43
3,GRADIŠKA,"Muški/
Male","25,271","3,760","20,544",289,17,189,46,3,17,34,68,16,-,5,2,1,85,176,19
3,GRADIŠKA,"Ženski/
Female","26,456","3,820","21,319",537,9,206,73,11,13,42,43,13,-,9,4,3,90,240,24
3,HAN PIJESAK,"Ukupno/
Total","3,530",431,"3,068",7,1,1,6,-,-,2,-,1,-,1,-,-,9,3,-
3,HAN PIJESAK,"Muški/
Male","1,667",208,"1,443",1,1,1,3,-,-,1,-,-,-,1,-,-,7,1,-
3,HAN PIJESAK,"Ženski/
Female","1,863",223,"1,625",6,-,-,3,-,-,1,-,1,-,-,-,-,2,2,-
3,ISTO?NA ILIDŽA,"Ukupno/
Total","14,763",648,"13,755",156,31,-,9,3,1,9,5,10,-,4,-,5,21,96,10
3,ISTO?NA ILIDŽA,"Muški/
Male","7,069",300,"6,638",43,14,-,3,2,1,5,-,4,-,2,-,1,13,38,5
3,ISTO?NA ILIDŽA,"Ženski/
Female","7,694",348,"7,117",113,17,-,6,1,-,4,5,6,-,2,-,4,8,58,5
3,ISTO?NI DRVAR,"Ukupno/
Total",79,-,78,1,-,-,-,-,-,-,-,-,-,-,-,-,-,-,-
3,ISTO?NI DRVAR,"Muški/
Male",53,-,53,-,-,-,-,-,-,-,-,-,-,-,-,-,-,-,-
3,ISTO?NI DRVAR,"Ženski/
Female",26,-,25,1,-,-,-,-,-,-,-,-,-,-,-,-,-,-,-
3,ISTO?NI MOSTAR,"Ukupno/
Total",257,78,166,11,-,-,-,-,-,-,-,-,-,-,-,-,-,-,2
3,ISTO?NI MOSTAR,"Muški/
Male",142,45,88,8,-,-,-,-,-,-,-,-,-,-,-,-,-,-,1
3,ISTO?NI MOSTAR,"Ženski/
Female",115,33,78,3,-,-,-,-,-,-,-,-,-,-,-,-,-,-,1
3,ISTO?NI STARI GRAD,"Ukupno/
Total","1,131",43,"1,071",7,1,-,-,3,-,-,-,-,-,1,-,-,2,2,1
3,ISTO?NI STARI GRAD,"Muški/
Male",560,26,526,2,1,-,-,3,-,-,-,-,-,-,-,-,1,-,1
3,ISTO?NI STARI GRAD,"Ženski/
Female",571,17,545,5,-,-,-,-,-,-,-,-,-,1,-,-,1,2,-
3,ISTO?NO NOVO SARAJEVO,"Ukupno/
Total","10,642",44,"10,248",107,19,74,3,11,2,11,2,21,-,5,-,7,20,62,6
3,ISTO?NO NOVO SARAJEVO,"Muški/
Male","5,058",14,"4,916",24,7,36,-,5,1,5,-,6,-,3,-,3,9,26,3
3,ISTO?NO NOVO SARAJEVO,"Ženski/
Female","5,584",30,"5,332",83,12,38,3,6,1,6,2,15,-,2,-,4,11,36,3
3,JEZERO,"Ukupno/
Total","1,144",287,841,11,-,-,-,-,-,1,-,-,-,-,-,-,-,3,1
3,JEZERO,"Muški/
Male",601,140,449,8,-,-,-,-,-,1,-,-,-,-,-,-,-,2,1
3,JEZERO,"Ženski/
Female",543,147,392,3,-,-,-,-,-,-,-,-,-,-,-,-,-,1,-
3,KALINOVIK,"Ukupno/
Total","2,029",57,"1,947",8,4,-,-,1,-,2,-,6,-,-,-,-,3,1,-
3,KALINOVIK,"Muški/
Male",987,25,950,2,3,-,-,1,-,1,-,1,-,-,-,-,3,1,-
3,KALINOVIK,"Ženski/
Female","1,042",32,997,6,1,-,-,-,-,1,-,5,-,-,-,-,-,-,-
3,KNEŽEVO,"Ukupno/
Total","9,793",429,"9,288",31,1,-,1,-,-,1,-,4,-,2,16,2,10,4,4
3,KNEŽEVO,"Muški/
Male","4,892",192,"4,665",8,1,-,1,-,-,1,-,3,-,-,10,-,5,3,3
3,KNEŽEVO,"Ženski/
Female","4,901",237,"4,623",23,-,-,-,-,-,-,-,1,-,2,6,2,5,1,1
3,KOSTAJNICA,"Ukupno/
Total","5,977","1,460","4,315",86,-,6,5,-,1,5,-,2,1,1,3,3,17,70,2
3,KOSTAJNICA,"Muški/
Male","2,967",734,"2,151",31,-,3,2,-,1,1,-,2,1,-,3,1,7,30,-
3,KOSTAJNICA,"Ženski/
Female","3,010",726,"2,164",55,-,3,3,-,-,4,-,-,-,1,-,2,10,40,2
3,KOTOR VAROŠ,"Ukupno/
Total","19,710","5,234","13,091","1,116",11,-,23,1,1,19,1,12,-,1,27,-,38,115,20
3,KOTOR VAROŠ,"Muški/
Male","9,818","2,585","6,549",560,7,-,8,1,-,7,-,9,-,-,14,-,21,42,15
3,KOTOR VAROŠ,"Ženski/
Female","9,892","2,649","6,542",556,4,-,15,-,1,12,1,3,-,1,13,-,17,73,5
3,KOZARSKA DUBICA,"Ukupno/
Total","21,524","2,168","18,670",273,28,22,49,-,1,38,-,18,-,7,7,14,44,171,14
3,KOZARSKA DUBICA,"Muški/
Male","10,516","1,061","9,194",81,13,10,21,-,1,17,-,13,-,3,3,4,22,66,7
3,KOZARSKA DUBICA,"Ženski/
Female","11,008","1,107","9,476",192,15,12,28,-,-,21,-,5,-,4,4,10,22,105,7
3,KRUPA NA UNI,"Ukupno/
Total","1,597",3,"1,592",2,-,-,-,-,-,-,-,-,-,-,-,-,-,-,-
3,KRUPA NA UNI,"Muški/
Male",862,1,861,-,-,-,-,-,-,-,-,-,-,-,-,-,-,-,-
3,KRUPA NA UNI,"Ženski/
Female",735,2,731,2,-,-,-,-,-,-,-,-,-,-,-,-,-,-,-
3,KUPRES - RS,"Ukupno/
Total",300,-,299,-,-,-,-,-,-,-,-,-,-,-,-,-,-,1,-
3,KUPRES - RS,"Muški/
Male",160,-,159,-,-,-,-,-,-,-,-,-,-,-,-,-,-,1,-
3,KUPRES - RS,"Ženski/
Female",140,-,140,-,-,-,-,-,-,-,-,-,-,-,-,-,-,-,-
3,LAKTAŠI,"Ukupno/
Total","34,966",112,"33,462",521,10,4,9,1,4,50,236,16,-,47,38,16,148,245,47
3,LAKTAŠI,"Muški/
Male","17,320",49,"16,664",184,5,3,1,-,3,30,129,9,-,20,20,5,70,108,20
3,LAKTAŠI,"Ženski/
Female","17,646",63,"16,798",337,5,1,8,1,1,20,107,7,-,27,18,11,78,137,27
3,LJUBINJE,"Ukupno/
Total","3,511",12,"3,469",10,-,-,2,-,-,1,-,5,-,-,-,-,5,5,2
3,LJUBINJE,"Muški/
Male","1,725",6,"1,706",3,-,-,1,-,-,1,-,3,-,-,-,-,2,2,1
3,LJUBINJE,"Ženski/
Female","1,786",6,"1,763",7,-,-,1,-,-,-,-,2,-,-,-,-,3,3,1
3,LOPARE,"Ukupno/
Total","15,357","1,371","13,869",50,3,1,3,-,-,8,1,3,-,-,-,4,8,25,11
3,LOPARE,"Muški/
Male","7,749",685,"7,027",10,3,1,2,-,-,6,-,-,-,-,-,2,2,5,6
3,LOPARE,"Ženski/
Female","7,608",686,"6,842",40,-,-,1,-,-,2,1,3,-,-,-,2,6,20,5
3,MILI?I,"Ukupno/
Total","11,441","4,199","7,180",24,-,9,1,-,-,-,-,2,-,-,-,4,5,9,8
3,MILI?I,"Muški/
Male","5,798","2,106","3,670",8,-,5,-,-,-,-,-,-,-,-,-,-,3,3,3
3,MILI?I,"Ženski/
Female","5,643","2,093","3,510",16,-,4,1,-,-,-,-,2,-,-,-,4,2,6,5
3,MODRI?A,"Ukupno/
Total","25,720","3,101","20,227","1,674",65,168,65,-,2,23,5,17,-,8,21,3,52,170,119
3,MODRI?A,"Muški/
Male","12,561","1,461","9,963",798,38,82,26,-,2,9,-,13,-,2,12,2,24,67,62
3,MODRI?A,"Ženski/
Female","13,159","1,640","10,264",876,27,86,39,-,-,14,5,4,-,6,9,1,28,103,57
3,MRKONJI? GRAD,"Ukupno/
Total","16,671",375,"16,050",159,1,1,3,2,3,12,-,5,-,1,-,1,8,37,13
3,MRKONJI? GRAD,"Muški/
Male","8,096",182,"7,804",66,1,-,1,2,3,3,-,3,-,-,-,-,4,21,6
3,MRKONJI? GRAD,"Ženski/
Female","8,575",193,"8,246",93,-,1,2,-,-,9,-,2,-,1,-,1,4,16,7
3,NEVESINJE,"Ukupno/
Total","12,961",533,"12,353",28,-,-,5,-,-,2,-,3,-,1,-,-,10,19,7
3,NEVESINJE,"Muški/
Male","6,462",276,"6,161",9,-,-,2,-,-,-,-,1,-,-,-,-,3,8,2
3,NEVESINJE,"Ženski/
Female","6,499",257,"6,192",19,-,-,3,-,-,2,-,2,-,1,-,-,7,11,5
3,NOVI GRAD,"Ukupno/
Total","27,115","6,439","20,116",181,42,41,37,5,1,10,2,10,-,8,9,3,39,147,25
3,NOVI GRAD,"Muški/
Male","13,594","3,253","10,105",60,20,21,19,3,1,4,-,4,-,3,2,1,26,59,13
3,NOVI GRAD,"Ženski/
Female","13,521","3,186","10,011",121,22,20,18,2,-,6,2,6,-,5,7,2,13,88,12
3,NOVO GORAŽDE,"Ukupno/
Total","3,117","1,459","1,618",2,2,-,17,-,2,-,-,1,-,2,-,-,1,6,7
3,NOVO GORAŽDE,"Muški/
Male","1,618",749,849,1,1,-,7,-,2,-,-,1,-,2,-,-,1,3,2
3,NOVO GORAŽDE,"Ženski/
Female","1,499",710,769,1,1,-,10,-,-,-,-,-,-,-,-,-,-,3,5
3,OSMACI,"Ukupno/
Total","6,016","2,895","3,095",9,-,-,4,-,-,-,-,-,-,-,-,-,2,7,4
3,OSMACI,"Muški/
Male","3,065","1,456","1,601",1,-,-,1,-,-,-,-,-,-,-,-,-,1,3,2
3,OSMACI,"Ženski/
Female","2,951","1,439","1,494",8,-,-,3,-,-,-,-,-,-,-,-,-,1,4,2
3,OŠTRA LUKA,"Ukupno/
Total","2,786",23,"2,580",160,-,-,-,-,-,3,-,1,-,1,-,-,3,12,3
3,OŠTRA LUKA,"Muški/
Male","1,440",7,"1,345",79,-,-,-,-,-,2,-,-,-,-,-,-,1,4,2
3,OŠTRA LUKA,"Ženski/
Female","1,346",16,"1,235",81,-,-,-,-,-,1,-,1,-,1,-,-,2,8,1
3,PALE - RS,"Ukupno/
Total","20,909",186,"20,451",128,2,-,2,-,1,14,2,20,-,5,-,4,25,55,14
3,PALE - RS,"Muški/
Male","10,038",96,"9,840",38,1,-,1,-,-,7,-,12,-,-,-,1,11,22,9
3,PALE - RS,"Ženski/
Female","10,871",90,"10,611",90,1,-,1,-,1,7,2,8,-,5,-,3,14,33,5
3,PELAGI?EVO,"Ukupno/
Total","5,220",13,"3,330","1,850",1,3,1,-,-,1,-,1,-,2,-,-,3,7,8
3,PELAGI?EVO,"Muški/
Male","2,609",2,"1,653",945,-,3,-,-,-,1,-,-,-,-,-,-,1,2,2
3,PELAGI?EVO,"Ženski/
Female","2,611",11,"1,677",905,1,-,1,-,-,-,-,1,-,2,-,-,2,5,6
3,PETROVAC,"Ukupno/
Total",361,-,358,-,2,-,-,-,-,-,-,1,-,-,-,-,-,-,-
3,PETROVAC,"Muški/
Male",172,-,171,-,1,-,-,-,-,-,-,-,-,-,-,-,-,-,-
3,PETROVAC,"Ženski/
Female",189,-,187,-,1,-,-,-,-,-,-,1,-,-,-,-,-,-,-
3,PETROVO,"Ukupno/
Total","6,474",7,"6,371",36,2,2,2,-,-,4,-,1,1,-,-,1,20,23,4
3,PETROVO,"Muški/
Male","3,124",3,"3,080",8,2,1,-,-,-,4,-,-,1,-,-,-,13,10,2
3,PETROVO,"Ženski/
Female","3,350",4,"3,291",28,-,1,2,-,-,-,-,1,-,-,-,1,7,13,2
3,PRIJEDOR,"Ukupno/
Total","89,397","29,034","55,895","1,762",107,239,192,11,16,123,356,37,-,69,129,14,278,746,389
3,PRIJEDOR,"Muški/
Male","43,863","14,151","27,688",730,63,122,72,7,10,61,179,19,-,26,65,4,124,275,267
3,PRIJEDOR,"Ženski/
Female","45,534","14,883","28,207","1,032",44,117,120,4,6,62,177,18,-,43,64,10,154,471,122
3,PRNJAVOR,"Ukupno/
Total","35,956","2,979","30,673",451,25,40,80,1,-,41,858,20,-,25,12,94,385,239,33
3,PRNJAVOR,"Muški/
Male","17,572","1,447","15,021",161,13,27,34,1,-,22,439,11,-,10,6,89,180,100,11
3,PRNJAVOR,"Ženski/
Female","18,384","1,532","15,652",290,12,13,46,-,-,19,419,9,-,15,6,5,205,139,22
3,RIBNIK,"Ukupno/
Total","6,048",-,"6,018",11,2,1,1,-,-,-,1,-,-,4,-,-,5,3,2
3,RIBNIK,"Muški/
Male","3,009",-,"2,998",4,1,-,-,-,-,-,-,-,-,3,-,-,1,-,2
3,RIBNIK,"Ženski/
Female","3,039",-,"3,020",7,1,1,1,-,-,-,1,-,-,1,-,-,4,3,-
3,ROGATICA,"Ukupno/
Total","10,723","1,117","9,527",19,5,-,18,-,3,3,1,4,-,-,-,1,8,12,5
3,ROGATICA,"Muški/
Male","5,270",576,"4,662",2,4,-,6,-,3,3,-,3,-,-,-,-,2,7,2
3,ROGATICA,"Ženski/
Female","5,453",541,"4,865",17,1,-,12,-,-,-,1,1,-,-,-,1,6,5,3
3,RUDO,"Ukupno/
Total","7,963",677,"7,241",9,3,-,16,-,-,-,-,5,-,-,-,-,3,6,3
3,RUDO,"Muški/
Male","4,050",357,"3,668",7,2,-,8,-,-,-,-,2,-,-,-,-,2,4,-
3,RUDO,"Ženski/
Female","3,913",320,"3,573",2,1,-,8,-,-,-,-,3,-,-,-,-,1,2,3
3,ŠAMAC,"Ukupno/
Total","17,273","1,265","13,256","2,426",31,-,16,-,-,27,-,9,-,2,12,4,51,151,23
3,ŠAMAC,"Muški/
Male","8,385",612,"6,494","1,132",16,-,6,-,-,14,-,7,-,1,6,1,24,60,12
3,ŠAMAC,"Ženski/
Female","8,888",653,"6,762","1,294",15,-,10,-,-,13,-,2,-,1,6,3,27,91,11
3,ŠEKOVI?I,"Ukupno/
Total","6,761",107,"6,618",8,3,1,1,-,-,1,-,1,-,-,-,-,7,6,8
3,ŠEKOVI?I,"Muški/
Male","3,360",52,"3,293",2,2,-,1,-,-,1,-,1,-,-,-,-,2,3,3
3,ŠEKOVI?I,"Ženski/
Female","3,401",55,"3,325",6,1,1,-,-,-,-,-,-,-,-,-,-,5,3,5
3,ŠIPOVO,"Ukupno/
Total","10,293",628,"9,576",26,5,-,7,-,-,7,1,4,-,1,1,1,7,24,5
3,ŠIPOVO,"Muški/
Male","5,221",323,"4,862",7,2,-,2,-,-,4,-,2,-,-,1,-,3,12,3
3,ŠIPOVO,"Ženski/
Female","5,072",305,"4,714",19,3,-,5,-,-,3,1,2,-,1,-,1,4,12,2
3,SOKOLAC,"Ukupno/
Total","12,021",671,"11,250",29,2,-,7,3,-,5,1,6,-,2,-,1,11,14,19
3,SOKOLAC,"Muški/
Male","5,919",349,"5,532",8,2,-,3,2,-,2,-,3,-,-,-,-,7,5,6
3,SOKOLAC,"Ženski/
Female","6,102",322,"5,718",21,-,-,4,1,-,3,1,3,-,2,-,1,4,9,13
3,SRBAC,"Ukupno/
Total","17,587",417,"16,630",131,5,15,9,-,-,11,133,10,-,10,-,2,92,92,30
3,SRBAC,"Muški/
Male","8,623",200,"8,195",23,2,5,2,-,-,9,71,10,-,4,-,1,45,45,11
3,SRBAC,"Ženski/
Female","8,964",217,"8,435",108,3,10,7,-,-,2,62,-,-,6,-,1,47,47,19
3,SREBRENICA,"Ukupno/
Total","13,409","7,248","6,028",16,19,4,18,3,2,4,-,2,-,-,4,-,11,23,27
3,SREBRENICA,"Muški/
Male","6,602","3,490","3,047",6,8,3,9,3,2,3,-,2,-,-,1,-,6,11,11
3,SREBRENICA,"Ženski/
Female","6,807","3,758","2,981",10,11,1,9,-,-,1,-,-,-,-,3,-,5,12,16
3,TESLI?,"Ukupno/
Total","38,536","7,184","29,041","1,442",93,63,91,8,-,48,9,13,1,14,25,2,100,351,51
3,TESLI?,"Muški/
Male","18,679","3,579","14,078",622,49,35,39,5,-,24,6,7,1,9,9,-,48,142,26
3,TESLI?,"Ženski/
Female","19,857","3,605","14,963",820,44,28,52,3,-,24,3,6,-,5,16,2,52,209,25
3,TREBINJE,"Ukupno/
Total","29,198",995,"27,287",295,1,13,17,-,-,33,4,217,-,6,20,14,84,191,21
3,TREBINJE,"Muški/
Male","14,251",508,"13,338",99,-,6,5,-,-,17,1,130,-,3,10,8,32,81,13
3,TREBINJE,"Ženski/
Female","14,947",487,"13,949",196,1,7,12,-,-,16,3,87,-,3,10,6,52,110,8
3,TRNOVO - RS,"Ukupno/
Total","2,050",837,"1,178",15,2,-,2,-,-,1,1,3,-,-,-,-,1,9,1
3,TRNOVO - RS,"Muški/
Male",989,415,559,3,2,-,1,-,-,1,-,2,-,-,-,-,1,4,1
3,TRNOVO - RS,"Ženski/
Female","1,061",422,619,12,-,-,1,-,-,-,1,1,-,-,-,-,-,5,-
3,UGLJEVIK,"Ukupno/
Total","15,710","2,186","13,412",42,-,4,3,-,1,8,-,4,-,4,-,-,12,21,13
3,UGLJEVIK,"Muški/
Male","7,937","1,070","6,821",8,-,2,-,-,1,5,-,2,-,-,-,-,7,10,11
3,UGLJEVIK,"Ženski/
Female","7,773","1,116","6,591",34,-,2,3,-,-,3,-,2,-,4,-,-,5,11,2
3,VIŠEGRAD,"Ukupno/
Total","10,668","1,043","9,338",33,6,2,13,-,-,7,1,5,-,1,2,1,16,20,180
3,VIŠEGRAD,"Muški/
Male","5,106",526,"4,534",5,4,1,8,-,-,1,-,3,-,1,2,-,6,11,4
3,VIŠEGRAD,"Ženski/
Female","5,562",517,"4,804",28,2,1,5,-,-,6,1,2,-,-,-,1,10,9,176
3,VLASENICA,"Ukupno/
Total","11,467","3,763","7,589",31,-,3,3,-,-,4,1,1,-,-,2,-,16,22,32
3,VLASENICA,"Muški/
Male","5,638","1,852","3,741",6,-,1,1,-,-,2,-,-,-,-,1,-,9,12,13
3,VLASENICA,"Ženski/
Female","5,829","1,911","3,848",25,-,2,2,-,-,2,1,1,-,-,1,-,7,10,19
3,VUKOSAVLJE,"Ukupno/
Total","4,667","2,180","1,516",776,1,139,3,-,-,1,-,-,-,-,-,1,4,32,14
3,VUKOSAVLJE,"Muški/
Male","2,340","1,116",757,368,1,75,1,-,-,1,-,-,-,-,-,-,3,15,3
3,VUKOSAVLJE,"Ženski/
Female","2,327","1,064",759,408,-,64,2,-,-,-,-,-,-,-,-,1,1,17,11
3,ZVORNIK,"Ukupno/
Total","58,856","19,855","38,579",106,10,1,20,1,6,13,4,9,-,3,16,5,41,81,106
3,ZVORNIK,"Muški/
Male","29,270","9,875","19,239",17,7,1,6,1,6,6,-,7,-,-,8,-,17,35,45
3,ZVORNIK,"Ženski/
Female","29,586","9,980","19,340",89,3,-,14,-,-,7,4,2,-,3,8,5,24,46,61
1,"BR?KO DISTRIKT BOSNE I HERCEGOVINE 
BR?KO DISTRICT OF BOSNIA AND HERZEGOVINA","Ukupno/
Total","83,516","35,381","28,884","17,252",174,490,169,50,105,67,1,31,3,9,52,25,201,522,100
1,"BR?KO DISTRIKT BOSNE I HERCEGOVINE 
BR?KO DISTRICT OF BOSNIA AND HERZEGOVINA","Muški/
Male","41,250","17,411","14,023","8,859",91,242,75,29,72,34,1,19,1,3,21,14,93,213,49
1,"BR?KO DISTRIKT BOSNE I HERCEGOVINE 
BR?KO DISTRICT OF BOSNIA AND HERZEGOVINA","Ženski/
Female","42,266","17,970","14,861","8,393",83,248,94,21,33,33,-,12,2,6,31,11,108,309,51
,,,,,,,,,,,,,,,,,,,,,
,,,,,,,,,,,,,,,,,,,,,
,,,,,,,,,,,,,,,,,,,,,
,,,,,,,,,,,,,,,,,,,,,
,,,,,,,,,,,,,,,,,,,,,
,,,,,,,,,,,,,,,,,,,,,
,,,,,,,,,,,,,,,,,,,,,
,,,,,,,,,,,,,,,,,,,,,
,,,,,,,,,,,,,,,,,,,,,
,,,,,,,,,,,,,,,,,,,,,
,,,,,,,,,,,,,,,,,,,,,
,,,,,,,,,,,,,,,,,,,,,
,,,,,,,,,,,,,,,,,,,,,
,,,,,,,,,,,,,,,,,,,,,
,,,,,,,,,,,,,,,,,,,,,
,,,,,,,,,,,,,,,,,,,,,
,,,,,,,,,,,,,,,,,,,,,
,,,,,,,,,,,,,,,,,,,,,
,,,,,,,,,,,,,,,,,,,,,
,,,,,,,,,,,,,,,,,,,,,
,,,,,,,,,,,,,,,,,,,,,
,,,,,,,,,,,,,,,,,,,,,
,,,,,,,,,,,,,,,,,,,,,
,,,,,,,,,,,,,,,,,,,,,
,,,,,,,,,,,,,,,,,,,,,
,,,,,,,,,,,,,,,,,,,,,
,,,,,,,,,,,,,,,,,,,,,
,,,,,,,,,,,,,,,,,,,,,
,,,,,,,,,,,,,,,,,,,,,
,,,,,,,,,,,,,,,,,,,,,
,,,,,,,,,,,,,,,,,,,,,
,,,,,,,,,,,,,,,,,,,,,
,,,,,,,,,,,,,,,,,,,,,
,,,,,,,,,,,,,,,,,,,,,
,,,,,,,,,,,,,,,,,,,,,
,,,,,,,,,,,,,,,,,,,,,
,,,,,,,,,,,,,,,,,,,,,
,,,,,,,,,,,,,,,,,,,,,
,,,,,,,,,,,,,,,,,,,,,
,,,,,,,,,,,,,,,,,,,,,
